-- phpMyAdmin SQL Dump
-- version 4.0.1
-- http://www.phpmyadmin.net
--
-- Host: 127.0.0.1
-- Generation Time: May 21, 2014 at 12:35 AM
-- Server version: 5.5.31-log
-- PHP Version: 5.3.25

SET SQL_MODE = "NO_AUTO_VALUE_ON_ZERO";
SET time_zone = "+00:00";


/*!40101 SET @OLD_CHARACTER_SET_CLIENT=@@CHARACTER_SET_CLIENT */;
/*!40101 SET @OLD_CHARACTER_SET_RESULTS=@@CHARACTER_SET_RESULTS */;
/*!40101 SET @OLD_COLLATION_CONNECTION=@@COLLATION_CONNECTION */;
/*!40101 SET NAMES utf8 */;

--
-- Database: `thgv`
--

-- --------------------------------------------------------

--
-- Table structure for table `acos`
--

CREATE TABLE IF NOT EXISTS `acos` (
  `id` int(10) NOT NULL AUTO_INCREMENT,
  `parent_id` int(10) DEFAULT NULL,
  `model` varchar(255) DEFAULT NULL,
  `foreign_key` int(10) DEFAULT NULL,
  `alias` varchar(255) DEFAULT NULL,
  `lft` int(10) DEFAULT NULL,
  `rght` int(10) DEFAULT NULL,
  PRIMARY KEY (`id`)
) ENGINE=MyISAM  DEFAULT CHARSET=utf8 AUTO_INCREMENT=315 ;

--
-- Dumping data for table `acos`
--

INSERT INTO `acos` (`id`, `parent_id`, `model`, `foreign_key`, `alias`, `lft`, `rght`) VALUES
(280, 276, NULL, NULL, 'view', 243, 244),
(279, 276, NULL, NULL, 'index', 241, 242),
(278, 276, NULL, NULL, 'logout', 239, 240),
(277, 276, NULL, NULL, 'login', 237, 238),
(276, 158, NULL, NULL, 'Users', 236, 267),
(275, 268, NULL, NULL, 'connector', 233, 234),
(274, 268, NULL, NULL, 'elfinder', 231, 232),
(273, 268, NULL, NULL, 'fieldsManager', 229, 230),
(272, 268, NULL, NULL, 'boss', 227, 228),
(271, 268, NULL, NULL, 'teacher', 225, 226),
(270, 268, NULL, NULL, 'student', 223, 224),
(269, 268, NULL, NULL, 'admin', 221, 222),
(268, 158, NULL, NULL, 'TestLayouts', 220, 235),
(267, 260, NULL, NULL, 'connector', 217, 218),
(266, 260, NULL, NULL, 'elfinder', 215, 216),
(265, 260, NULL, NULL, 'delete', 213, 214),
(264, 260, NULL, NULL, 'edit', 211, 212),
(263, 260, NULL, NULL, 'add', 209, 210),
(262, 260, NULL, NULL, 'view', 207, 208),
(261, 260, NULL, NULL, 'index', 205, 206),
(260, 158, NULL, NULL, 'StudentsCourses', 204, 219),
(259, 252, NULL, NULL, 'connector', 201, 202),
(258, 252, NULL, NULL, 'elfinder', 199, 200),
(257, 252, NULL, NULL, 'delete', 197, 198),
(256, 252, NULL, NULL, 'edit', 195, 196),
(255, 252, NULL, NULL, 'add', 193, 194),
(254, 252, NULL, NULL, 'view', 191, 192),
(253, 252, NULL, NULL, 'index', 189, 190),
(252, 158, NULL, NULL, 'Rooms', 188, 203),
(251, 248, NULL, NULL, 'connector', 185, 186),
(250, 248, NULL, NULL, 'elfinder', 183, 184),
(249, 248, NULL, NULL, 'display', 181, 182),
(248, 158, NULL, NULL, 'Pages', 180, 187),
(247, 240, NULL, NULL, 'connector', 177, 178),
(246, 240, NULL, NULL, 'elfinder', 175, 176),
(245, 240, NULL, NULL, 'delete', 173, 174),
(244, 240, NULL, NULL, 'edit', 171, 172),
(243, 240, NULL, NULL, 'add', 169, 170),
(242, 240, NULL, NULL, 'view', 167, 168),
(241, 240, NULL, NULL, 'index', 165, 166),
(240, 158, NULL, NULL, 'HocVis', 164, 179),
(239, 232, NULL, NULL, 'connector', 161, 162),
(238, 232, NULL, NULL, 'elfinder', 159, 160),
(237, 232, NULL, NULL, 'delete', 157, 158),
(236, 232, NULL, NULL, 'edit', 155, 156),
(235, 232, NULL, NULL, 'add', 153, 154),
(234, 232, NULL, NULL, 'view', 151, 152),
(233, 232, NULL, NULL, 'index', 149, 150),
(232, 158, NULL, NULL, 'HocHams', 148, 163),
(231, 224, NULL, NULL, 'connector', 145, 146),
(230, 224, NULL, NULL, 'elfinder', 143, 144),
(229, 224, NULL, NULL, 'delete', 141, 142),
(228, 224, NULL, NULL, 'edit', 139, 140),
(227, 224, NULL, NULL, 'add', 137, 138),
(226, 224, NULL, NULL, 'view', 135, 136),
(225, 224, NULL, NULL, 'index', 133, 134),
(224, 158, NULL, NULL, 'Groups', 132, 147),
(223, 216, NULL, NULL, 'connector', 129, 130),
(222, 216, NULL, NULL, 'elfinder', 127, 128),
(221, 216, NULL, NULL, 'delete', 125, 126),
(220, 216, NULL, NULL, 'edit', 123, 124),
(219, 216, NULL, NULL, 'add', 121, 122),
(218, 216, NULL, NULL, 'view', 119, 120),
(217, 216, NULL, NULL, 'index', 117, 118),
(216, 158, NULL, NULL, 'Fields', 116, 131),
(215, 208, NULL, NULL, 'connector', 113, 114),
(214, 208, NULL, NULL, 'elfinder', 111, 112),
(213, 208, NULL, NULL, 'delete', 109, 110),
(212, 208, NULL, NULL, 'edit', 107, 108),
(211, 208, NULL, NULL, 'add', 105, 106),
(210, 208, NULL, NULL, 'view', 103, 104),
(209, 208, NULL, NULL, 'index', 101, 102),
(208, 158, NULL, NULL, 'Departments', 100, 115),
(207, 197, NULL, NULL, 'connector', 97, 98),
(206, 197, NULL, NULL, 'elfinder', 95, 96),
(205, 197, NULL, NULL, 'loggedInMenu', 93, 94),
(204, 197, NULL, NULL, 'admin_home', 91, 92),
(203, 197, NULL, NULL, 'boss_home', 89, 90),
(202, 197, NULL, NULL, 'fields_manager_home', 87, 88),
(201, 197, NULL, NULL, 'manager_home', 85, 86),
(200, 197, NULL, NULL, 'teacher_home', 83, 84),
(199, 197, NULL, NULL, 'student_home', 81, 82),
(198, 197, NULL, NULL, 'home', 79, 80),
(197, 158, NULL, NULL, 'Dashboards', 78, 99),
(196, 189, NULL, NULL, 'connector', 75, 76),
(195, 189, NULL, NULL, 'elfinder', 73, 74),
(194, 189, NULL, NULL, 'delete', 71, 72),
(193, 189, NULL, NULL, 'edit', 69, 70),
(192, 189, NULL, NULL, 'add', 67, 68),
(191, 189, NULL, NULL, 'view', 65, 66),
(190, 189, NULL, NULL, 'index', 63, 64),
(189, 158, NULL, NULL, 'CoursesRooms', 62, 77),
(188, 176, NULL, NULL, 'connector', 59, 60),
(187, 176, NULL, NULL, 'elfinder', 57, 58),
(186, 176, NULL, NULL, 'delete', 55, 56),
(185, 176, NULL, NULL, 'edit', 53, 54),
(184, 176, NULL, NULL, 'fields_manager_edit', 51, 52),
(183, 176, NULL, NULL, 'fields_manager_add', 49, 50),
(182, 176, NULL, NULL, 'fields_manager_index', 47, 48),
(181, 176, NULL, NULL, 'fields_manager_view', 45, 46),
(180, 176, NULL, NULL, 'add', 43, 44),
(179, 176, NULL, NULL, 'view', 41, 42),
(178, 176, NULL, NULL, 'new_courses', 39, 40),
(177, 176, NULL, NULL, 'index', 37, 38),
(176, 158, NULL, NULL, 'Courses', 36, 61),
(175, 172, NULL, NULL, 'connector', 33, 34),
(174, 172, NULL, NULL, 'elfinder', 31, 32),
(173, 172, NULL, NULL, 'contact', 29, 30),
(172, 158, NULL, NULL, 'Contacts', 28, 35),
(171, 159, NULL, NULL, 'connector', 25, 26),
(170, 159, NULL, NULL, 'elfinder', 23, 24),
(169, 159, NULL, NULL, 'delete', 21, 22),
(168, 159, NULL, NULL, 'edit', 19, 20),
(167, 159, NULL, NULL, 'add', 17, 18),
(166, 159, NULL, NULL, 'view', 15, 16),
(165, 159, NULL, NULL, 'teacher_view', 13, 14),
(164, 159, NULL, NULL, 'fields_manager_add', 11, 12),
(163, 159, NULL, NULL, 'fields_manager_view', 9, 10),
(162, 159, NULL, NULL, 'fields_manager_index', 7, 8),
(161, 159, NULL, NULL, 'search', 5, 6),
(160, 159, NULL, NULL, 'index', 3, 4),
(159, 158, NULL, NULL, 'Chapters', 2, 27),
(158, NULL, NULL, NULL, 'controllers', 1, 314),
(281, 276, NULL, NULL, 'add', 245, 246),
(282, 276, NULL, NULL, 'index_teacher', 247, 248),
(283, 276, NULL, NULL, 'add_teacher', 249, 250),
(284, 276, NULL, NULL, 'edit_teacher', 251, 252),
(285, 276, NULL, NULL, 'view_teacher', 253, 254),
(286, 276, NULL, NULL, 'fields_manager_view', 255, 256),
(287, 276, NULL, NULL, 'search_teacher', 257, 258),
(288, 276, NULL, NULL, 'edit', 259, 260),
(289, 276, NULL, NULL, 'delete', 261, 262),
(290, 276, NULL, NULL, 'elfinder', 263, 264),
(291, 276, NULL, NULL, 'connector', 265, 266),
(292, 158, NULL, NULL, 'AclManager', 268, 287),
(293, 292, NULL, NULL, 'Acl', 269, 286),
(294, 293, NULL, NULL, 'drop', 270, 271),
(295, 293, NULL, NULL, 'drop_perms', 272, 273),
(296, 293, NULL, NULL, 'index', 274, 275),
(297, 293, NULL, NULL, 'permissions', 276, 277),
(298, 293, NULL, NULL, 'update_acos', 278, 279),
(299, 293, NULL, NULL, 'update_aros', 280, 281),
(300, 293, NULL, NULL, 'elfinder', 282, 283),
(301, 293, NULL, NULL, 'connector', 284, 285),
(302, 158, NULL, NULL, 'BoostCake', 288, 301),
(303, 302, NULL, NULL, 'BoostCake', 289, 300),
(304, 303, NULL, NULL, 'index', 290, 291),
(305, 303, NULL, NULL, 'bootstrap2', 292, 293),
(306, 303, NULL, NULL, 'bootstrap3', 294, 295),
(307, 303, NULL, NULL, 'elfinder', 296, 297),
(308, 303, NULL, NULL, 'connector', 298, 299),
(309, 158, NULL, NULL, 'DebugKit', 302, 313),
(310, 309, NULL, NULL, 'ToolbarAccess', 303, 312),
(311, 310, NULL, NULL, 'history_state', 304, 305),
(312, 310, NULL, NULL, 'sql_explain', 306, 307),
(313, 310, NULL, NULL, 'elfinder', 308, 309),
(314, 310, NULL, NULL, 'connector', 310, 311);

-- --------------------------------------------------------

--
-- Table structure for table `aros`
--

CREATE TABLE IF NOT EXISTS `aros` (
  `id` int(10) NOT NULL AUTO_INCREMENT,
  `parent_id` int(10) DEFAULT NULL,
  `model` varchar(255) DEFAULT NULL,
  `foreign_key` int(10) DEFAULT NULL,
  `alias` varchar(255) DEFAULT NULL,
  `lft` int(10) DEFAULT NULL,
  `rght` int(10) DEFAULT NULL,
  PRIMARY KEY (`id`)
) ENGINE=MyISAM  DEFAULT CHARSET=utf8 AUTO_INCREMENT=23 ;

--
-- Dumping data for table `aros`
--

INSERT INTO `aros` (`id`, `parent_id`, `model`, `foreign_key`, `alias`, `lft`, `rght`) VALUES
(22, NULL, 'User', 5, NULL, 21, 22),
(21, NULL, 'User', 4, NULL, 19, 20),
(20, NULL, 'User', 3, NULL, 17, 18),
(19, NULL, 'User', 2, NULL, 15, 16),
(18, NULL, 'User', 1, NULL, 13, 14),
(17, NULL, 'Group', 6, NULL, 11, 12),
(16, NULL, 'Group', 5, NULL, 9, 10),
(15, NULL, 'Group', 4, NULL, 7, 8),
(14, NULL, 'Group', 3, NULL, 5, 6),
(13, NULL, 'Group', 2, NULL, 3, 4),
(12, NULL, 'Group', 1, NULL, 1, 2);

-- --------------------------------------------------------

--
-- Table structure for table `aros_acos`
--

CREATE TABLE IF NOT EXISTS `aros_acos` (
  `id` int(10) NOT NULL AUTO_INCREMENT,
  `aro_id` int(10) NOT NULL,
  `aco_id` int(10) NOT NULL,
  `_create` varchar(2) NOT NULL DEFAULT '0',
  `_read` varchar(2) NOT NULL DEFAULT '0',
  `_update` varchar(2) NOT NULL DEFAULT '0',
  `_delete` varchar(2) NOT NULL DEFAULT '0',
  PRIMARY KEY (`id`),
  UNIQUE KEY `ARO_ACO_KEY` (`aro_id`,`aco_id`)
) ENGINE=MyISAM  DEFAULT CHARSET=utf8 AUTO_INCREMENT=1906 ;

--
-- Dumping data for table `aros_acos`
--

INSERT INTO `aros_acos` (`id`, `aro_id`, `aco_id`, `_create`, `_read`, `_update`, `_delete`) VALUES
(1903, 15, 314, '0', '0', '0', '0'),
(1902, 14, 314, '0', '0', '0', '0'),
(1897, 15, 313, '0', '0', '0', '0'),
(1896, 14, 313, '0', '0', '0', '0'),
(1891, 15, 312, '0', '0', '0', '0'),
(1890, 14, 312, '0', '0', '0', '0'),
(1885, 15, 311, '0', '0', '0', '0'),
(1884, 14, 311, '0', '0', '0', '0'),
(1879, 15, 310, '0', '0', '0', '0'),
(1878, 14, 310, '0', '0', '0', '0'),
(1873, 15, 309, '0', '0', '0', '0'),
(1872, 14, 309, '0', '0', '0', '0'),
(1867, 15, 308, '0', '0', '0', '0'),
(1866, 14, 308, '0', '0', '0', '0'),
(1861, 15, 307, '0', '0', '0', '0'),
(1860, 14, 307, '0', '0', '0', '0'),
(1855, 15, 306, '0', '0', '0', '0'),
(1854, 14, 306, '0', '0', '0', '0'),
(1849, 15, 305, '0', '0', '0', '0'),
(1848, 14, 305, '0', '0', '0', '0'),
(1843, 15, 304, '0', '0', '0', '0'),
(1842, 14, 304, '0', '0', '0', '0'),
(1837, 15, 303, '0', '0', '0', '0'),
(1836, 14, 303, '0', '0', '0', '0'),
(1831, 15, 302, '0', '0', '0', '0'),
(1830, 14, 302, '0', '0', '0', '0'),
(1825, 15, 301, '0', '0', '0', '0'),
(1824, 14, 301, '0', '0', '0', '0'),
(1819, 15, 300, '0', '0', '0', '0'),
(1818, 14, 300, '0', '0', '0', '0'),
(1813, 15, 299, '0', '0', '0', '0'),
(1812, 14, 299, '0', '0', '0', '0'),
(1807, 15, 298, '0', '0', '0', '0'),
(1806, 14, 298, '0', '0', '0', '0'),
(1801, 15, 297, '0', '0', '0', '0'),
(1800, 14, 297, '0', '0', '0', '0'),
(1795, 15, 296, '0', '0', '0', '0'),
(1794, 14, 296, '0', '0', '0', '0'),
(1789, 15, 295, '0', '0', '0', '0'),
(1788, 14, 295, '0', '0', '0', '0'),
(1783, 15, 294, '0', '0', '0', '0'),
(1782, 14, 294, '0', '0', '0', '0'),
(1777, 15, 293, '0', '0', '0', '0'),
(1776, 14, 293, '0', '0', '0', '0'),
(1771, 15, 292, '0', '0', '0', '0'),
(1770, 14, 292, '0', '0', '0', '0'),
(1765, 15, 291, '0', '0', '0', '0'),
(1764, 14, 291, '0', '0', '0', '0'),
(1759, 15, 290, '0', '0', '0', '0'),
(1758, 14, 290, '0', '0', '0', '0'),
(1753, 15, 289, '0', '0', '0', '0'),
(1752, 14, 289, '0', '0', '0', '0'),
(1747, 15, 288, '0', '0', '0', '0'),
(1746, 14, 288, '0', '0', '0', '0'),
(1741, 15, 287, '0', '0', '0', '0'),
(1740, 14, 287, '0', '0', '0', '0'),
(1735, 15, 286, '0', '0', '0', '0'),
(1734, 14, 286, '0', '0', '0', '0'),
(1729, 15, 285, '0', '0', '0', '0'),
(1728, 14, 285, '0', '0', '0', '0'),
(1723, 15, 284, '0', '0', '0', '0'),
(1722, 14, 284, '0', '0', '0', '0'),
(1717, 15, 283, '0', '0', '0', '0'),
(1716, 14, 283, '0', '0', '0', '0'),
(1711, 15, 282, '0', '0', '0', '0'),
(1710, 14, 282, '0', '0', '0', '0'),
(1705, 15, 281, '0', '0', '0', '0'),
(1704, 14, 281, '0', '0', '0', '0'),
(1699, 15, 280, '0', '0', '0', '0'),
(1698, 14, 280, '0', '0', '0', '0'),
(1693, 15, 279, '0', '0', '0', '0'),
(1692, 14, 279, '0', '0', '0', '0'),
(1687, 15, 278, '0', '0', '0', '0'),
(1686, 14, 278, '0', '0', '0', '0'),
(1681, 15, 277, '0', '0', '0', '0'),
(1680, 14, 277, '0', '0', '0', '0'),
(1675, 15, 276, '0', '0', '0', '0'),
(1674, 14, 276, '0', '0', '0', '0'),
(1669, 15, 275, '0', '0', '0', '0'),
(1668, 14, 275, '0', '0', '0', '0'),
(1663, 15, 274, '0', '0', '0', '0'),
(1662, 14, 274, '0', '0', '0', '0'),
(1657, 15, 273, '0', '0', '0', '0'),
(1656, 14, 273, '0', '0', '0', '0'),
(1651, 15, 272, '0', '0', '0', '0'),
(1650, 14, 272, '0', '0', '0', '0'),
(1645, 15, 271, '0', '0', '0', '0'),
(1644, 14, 271, '0', '0', '0', '0'),
(1639, 15, 270, '0', '0', '0', '0'),
(1638, 14, 270, '0', '0', '0', '0'),
(1633, 15, 269, '0', '0', '0', '0'),
(1632, 14, 269, '0', '0', '0', '0'),
(1627, 15, 268, '0', '0', '0', '0'),
(1626, 14, 268, '0', '0', '0', '0'),
(1621, 15, 267, '0', '0', '0', '0'),
(1620, 14, 267, '0', '0', '0', '0'),
(1615, 15, 266, '0', '0', '0', '0'),
(1614, 14, 266, '0', '0', '0', '0'),
(1609, 15, 265, '0', '0', '0', '0'),
(1608, 14, 265, '0', '0', '0', '0'),
(1603, 15, 264, '0', '0', '0', '0'),
(1602, 14, 264, '0', '0', '0', '0'),
(1597, 15, 263, '0', '0', '0', '0'),
(1596, 14, 263, '0', '0', '0', '0'),
(1591, 15, 262, '0', '0', '0', '0'),
(1590, 14, 262, '0', '0', '0', '0'),
(1585, 15, 261, '0', '0', '0', '0'),
(1584, 14, 261, '0', '0', '0', '0'),
(1579, 15, 260, '0', '0', '0', '0'),
(1578, 14, 260, '0', '0', '0', '0'),
(1573, 15, 259, '0', '0', '0', '0'),
(1572, 14, 259, '0', '0', '0', '0'),
(1567, 15, 258, '0', '0', '0', '0'),
(1566, 14, 258, '0', '0', '0', '0'),
(1561, 15, 257, '0', '0', '0', '0'),
(1560, 14, 257, '0', '0', '0', '0'),
(1555, 15, 256, '0', '0', '0', '0'),
(1554, 14, 256, '0', '0', '0', '0'),
(1549, 15, 255, '0', '0', '0', '0'),
(1548, 14, 255, '0', '0', '0', '0'),
(1543, 15, 254, '0', '0', '0', '0'),
(1542, 14, 254, '0', '0', '0', '0'),
(1537, 15, 253, '0', '0', '0', '0'),
(1536, 14, 253, '0', '0', '0', '0'),
(1531, 15, 252, '0', '0', '0', '0'),
(1530, 14, 252, '0', '0', '0', '0'),
(1525, 15, 251, '0', '0', '0', '0'),
(1524, 14, 251, '0', '0', '0', '0'),
(1519, 15, 250, '0', '0', '0', '0'),
(1518, 14, 250, '0', '0', '0', '0'),
(1513, 15, 249, '0', '0', '0', '0'),
(1512, 14, 249, '0', '0', '0', '0'),
(1507, 15, 248, '0', '0', '0', '0'),
(1506, 14, 248, '0', '0', '0', '0'),
(1501, 15, 247, '0', '0', '0', '0'),
(1500, 14, 247, '0', '0', '0', '0'),
(1495, 15, 246, '0', '0', '0', '0'),
(1494, 14, 246, '0', '0', '0', '0'),
(1489, 15, 245, '0', '0', '0', '0'),
(1488, 14, 245, '0', '0', '0', '0'),
(1483, 15, 244, '0', '0', '0', '0'),
(1482, 14, 244, '0', '0', '0', '0'),
(1477, 15, 243, '0', '0', '0', '0'),
(1476, 14, 243, '0', '0', '0', '0'),
(1471, 15, 242, '0', '0', '0', '0'),
(1470, 14, 242, '0', '0', '0', '0'),
(1465, 15, 241, '0', '0', '0', '0'),
(1464, 14, 241, '0', '0', '0', '0'),
(1459, 15, 240, '0', '0', '0', '0'),
(1458, 14, 240, '0', '0', '0', '0'),
(1453, 15, 239, '0', '0', '0', '0'),
(1452, 14, 239, '0', '0', '0', '0'),
(1447, 15, 238, '0', '0', '0', '0'),
(1446, 14, 238, '0', '0', '0', '0'),
(1441, 15, 237, '0', '0', '0', '0'),
(1440, 14, 237, '0', '0', '0', '0'),
(1435, 15, 236, '0', '0', '0', '0'),
(1434, 14, 236, '0', '0', '0', '0'),
(1429, 15, 235, '0', '0', '0', '0'),
(1428, 14, 235, '0', '0', '0', '0'),
(1423, 15, 234, '0', '0', '0', '0'),
(1422, 14, 234, '0', '0', '0', '0'),
(1417, 15, 233, '0', '0', '0', '0'),
(1416, 14, 233, '0', '0', '0', '0'),
(1905, 17, 314, '0', '0', '0', '0'),
(1904, 16, 314, '0', '0', '0', '0'),
(1901, 13, 314, '0', '0', '0', '0'),
(1900, 12, 314, '0', '0', '0', '0'),
(1899, 17, 313, '0', '0', '0', '0'),
(1898, 16, 313, '0', '0', '0', '0'),
(1895, 13, 313, '0', '0', '0', '0'),
(1894, 12, 313, '0', '0', '0', '0'),
(1893, 17, 312, '0', '0', '0', '0'),
(1892, 16, 312, '0', '0', '0', '0'),
(1889, 13, 312, '0', '0', '0', '0'),
(1888, 12, 312, '0', '0', '0', '0'),
(1887, 17, 311, '0', '0', '0', '0'),
(1886, 16, 311, '0', '0', '0', '0'),
(1883, 13, 311, '0', '0', '0', '0'),
(1882, 12, 311, '0', '0', '0', '0'),
(1881, 17, 310, '0', '0', '0', '0'),
(1880, 16, 310, '0', '0', '0', '0'),
(1877, 13, 310, '0', '0', '0', '0'),
(1876, 12, 310, '0', '0', '0', '0'),
(1875, 17, 309, '0', '0', '0', '0'),
(1874, 16, 309, '0', '0', '0', '0'),
(1871, 13, 309, '0', '0', '0', '0'),
(1870, 12, 309, '0', '0', '0', '0'),
(1869, 17, 308, '0', '0', '0', '0'),
(1868, 16, 308, '0', '0', '0', '0'),
(1865, 13, 308, '0', '0', '0', '0'),
(1864, 12, 308, '0', '0', '0', '0'),
(1863, 17, 307, '0', '0', '0', '0'),
(1862, 16, 307, '0', '0', '0', '0'),
(1859, 13, 307, '0', '0', '0', '0'),
(1858, 12, 307, '0', '0', '0', '0'),
(1857, 17, 306, '0', '0', '0', '0'),
(1856, 16, 306, '0', '0', '0', '0'),
(1853, 13, 306, '0', '0', '0', '0'),
(1852, 12, 306, '0', '0', '0', '0'),
(1851, 17, 305, '0', '0', '0', '0'),
(1850, 16, 305, '0', '0', '0', '0'),
(1847, 13, 305, '0', '0', '0', '0'),
(1846, 12, 305, '0', '0', '0', '0'),
(1845, 17, 304, '0', '0', '0', '0'),
(1844, 16, 304, '0', '0', '0', '0'),
(1841, 13, 304, '0', '0', '0', '0'),
(1840, 12, 304, '0', '0', '0', '0'),
(1839, 17, 303, '0', '0', '0', '0'),
(1838, 16, 303, '0', '0', '0', '0'),
(1835, 13, 303, '0', '0', '0', '0'),
(1834, 12, 303, '0', '0', '0', '0'),
(1833, 17, 302, '0', '0', '0', '0'),
(1832, 16, 302, '0', '0', '0', '0'),
(1829, 13, 302, '0', '0', '0', '0'),
(1828, 12, 302, '0', '0', '0', '0'),
(1827, 17, 301, '0', '0', '0', '0'),
(1826, 16, 301, '0', '0', '0', '0'),
(1823, 13, 301, '0', '0', '0', '0'),
(1822, 12, 301, '0', '0', '0', '0'),
(1821, 17, 300, '0', '0', '0', '0'),
(1820, 16, 300, '0', '0', '0', '0'),
(1817, 13, 300, '0', '0', '0', '0'),
(1816, 12, 300, '0', '0', '0', '0'),
(1815, 17, 299, '0', '0', '0', '0'),
(1814, 16, 299, '0', '0', '0', '0'),
(1811, 13, 299, '0', '0', '0', '0'),
(1810, 12, 299, '0', '0', '0', '0'),
(1809, 17, 298, '0', '0', '0', '0'),
(1808, 16, 298, '0', '0', '0', '0'),
(1805, 13, 298, '0', '0', '0', '0'),
(1804, 12, 298, '0', '0', '0', '0'),
(1803, 17, 297, '0', '0', '0', '0'),
(1802, 16, 297, '0', '0', '0', '0'),
(1799, 13, 297, '0', '0', '0', '0'),
(1798, 12, 297, '0', '0', '0', '0'),
(1797, 17, 296, '0', '0', '0', '0'),
(1796, 16, 296, '0', '0', '0', '0'),
(1793, 13, 296, '0', '0', '0', '0'),
(1792, 12, 296, '0', '0', '0', '0'),
(1791, 17, 295, '0', '0', '0', '0'),
(1790, 16, 295, '0', '0', '0', '0'),
(1787, 13, 295, '0', '0', '0', '0'),
(1786, 12, 295, '0', '0', '0', '0'),
(1785, 17, 294, '0', '0', '0', '0'),
(1784, 16, 294, '0', '0', '0', '0'),
(1781, 13, 294, '0', '0', '0', '0'),
(1780, 12, 294, '0', '0', '0', '0'),
(1779, 17, 293, '0', '0', '0', '0'),
(1778, 16, 293, '0', '0', '0', '0'),
(1775, 13, 293, '0', '0', '0', '0'),
(1774, 12, 293, '0', '0', '0', '0'),
(1773, 17, 292, '0', '0', '0', '0'),
(1772, 16, 292, '0', '0', '0', '0'),
(1769, 13, 292, '0', '0', '0', '0'),
(1768, 12, 292, '0', '0', '0', '0'),
(1767, 17, 291, '0', '0', '0', '0'),
(1766, 16, 291, '0', '0', '0', '0'),
(1763, 13, 291, '0', '0', '0', '0'),
(1762, 12, 291, '0', '0', '0', '0'),
(1761, 17, 290, '0', '0', '0', '0'),
(1760, 16, 290, '0', '0', '0', '0'),
(1757, 13, 290, '0', '0', '0', '0'),
(1756, 12, 290, '0', '0', '0', '0'),
(1755, 17, 289, '0', '0', '0', '0'),
(1754, 16, 289, '0', '0', '0', '0'),
(1751, 13, 289, '0', '0', '0', '0'),
(1750, 12, 289, '0', '0', '0', '0'),
(1749, 17, 288, '0', '0', '0', '0'),
(1748, 16, 288, '0', '0', '0', '0'),
(1745, 13, 288, '0', '0', '0', '0'),
(1744, 12, 288, '0', '0', '0', '0'),
(1743, 17, 287, '0', '0', '0', '0'),
(1742, 16, 287, '0', '0', '0', '0'),
(1739, 13, 287, '0', '0', '0', '0'),
(1738, 12, 287, '0', '0', '0', '0'),
(1737, 17, 286, '0', '0', '0', '0'),
(1736, 16, 286, '0', '0', '0', '0'),
(1733, 13, 286, '0', '0', '0', '0'),
(1732, 12, 286, '0', '0', '0', '0'),
(1731, 17, 285, '0', '0', '0', '0'),
(1730, 16, 285, '0', '0', '0', '0'),
(1727, 13, 285, '0', '0', '0', '0'),
(1726, 12, 285, '0', '0', '0', '0'),
(1725, 17, 284, '0', '0', '0', '0'),
(1724, 16, 284, '0', '0', '0', '0'),
(1721, 13, 284, '0', '0', '0', '0'),
(1720, 12, 284, '0', '0', '0', '0'),
(1719, 17, 283, '0', '0', '0', '0'),
(1718, 16, 283, '0', '0', '0', '0'),
(1715, 13, 283, '0', '0', '0', '0'),
(1714, 12, 283, '0', '0', '0', '0'),
(1713, 17, 282, '0', '0', '0', '0'),
(1712, 16, 282, '0', '0', '0', '0'),
(1709, 13, 282, '0', '0', '0', '0'),
(1708, 12, 282, '0', '0', '0', '0'),
(1707, 17, 281, '0', '0', '0', '0'),
(1706, 16, 281, '0', '0', '0', '0'),
(1703, 13, 281, '0', '0', '0', '0'),
(1702, 12, 281, '0', '0', '0', '0'),
(1701, 17, 280, '0', '0', '0', '0'),
(1700, 16, 280, '0', '0', '0', '0'),
(1697, 13, 280, '0', '0', '0', '0'),
(1696, 12, 280, '0', '0', '0', '0'),
(1695, 17, 279, '0', '0', '0', '0'),
(1694, 16, 279, '0', '0', '0', '0'),
(1691, 13, 279, '0', '0', '0', '0'),
(1690, 12, 279, '0', '0', '0', '0'),
(1689, 17, 278, '0', '0', '0', '0'),
(1688, 16, 278, '0', '0', '0', '0'),
(1685, 13, 278, '0', '0', '0', '0'),
(1684, 12, 278, '0', '0', '0', '0'),
(1683, 17, 277, '0', '0', '0', '0'),
(1682, 16, 277, '0', '0', '0', '0'),
(1679, 13, 277, '0', '0', '0', '0'),
(1678, 12, 277, '0', '0', '0', '0'),
(1677, 17, 276, '0', '0', '0', '0'),
(1676, 16, 276, '0', '0', '0', '0'),
(1673, 13, 276, '0', '0', '0', '0'),
(1672, 12, 276, '0', '0', '0', '0'),
(1671, 17, 275, '0', '0', '0', '0'),
(1670, 16, 275, '0', '0', '0', '0'),
(1667, 13, 275, '0', '0', '0', '0'),
(1666, 12, 275, '0', '0', '0', '0'),
(1665, 17, 274, '0', '0', '0', '0'),
(1664, 16, 274, '0', '0', '0', '0'),
(1661, 13, 274, '0', '0', '0', '0'),
(1660, 12, 274, '0', '0', '0', '0'),
(1659, 17, 273, '0', '0', '0', '0'),
(1658, 16, 273, '0', '0', '0', '0'),
(1655, 13, 273, '0', '0', '0', '0'),
(1654, 12, 273, '0', '0', '0', '0'),
(1653, 17, 272, '0', '0', '0', '0'),
(1652, 16, 272, '0', '0', '0', '0'),
(1649, 13, 272, '0', '0', '0', '0'),
(1648, 12, 272, '0', '0', '0', '0'),
(1647, 17, 271, '0', '0', '0', '0'),
(1646, 16, 271, '0', '0', '0', '0'),
(1643, 13, 271, '0', '0', '0', '0'),
(1642, 12, 271, '0', '0', '0', '0'),
(1641, 17, 270, '0', '0', '0', '0'),
(1640, 16, 270, '0', '0', '0', '0'),
(1637, 13, 270, '0', '0', '0', '0'),
(1636, 12, 270, '0', '0', '0', '0'),
(1635, 17, 269, '0', '0', '0', '0'),
(1634, 16, 269, '0', '0', '0', '0'),
(1631, 13, 269, '0', '0', '0', '0'),
(1630, 12, 269, '0', '0', '0', '0'),
(1629, 17, 268, '0', '0', '0', '0'),
(1628, 16, 268, '0', '0', '0', '0'),
(1625, 13, 268, '0', '0', '0', '0'),
(1624, 12, 268, '0', '0', '0', '0'),
(1623, 17, 267, '0', '0', '0', '0'),
(1622, 16, 267, '0', '0', '0', '0'),
(1619, 13, 267, '0', '0', '0', '0'),
(1618, 12, 267, '0', '0', '0', '0'),
(1617, 17, 266, '0', '0', '0', '0'),
(1616, 16, 266, '0', '0', '0', '0'),
(1613, 13, 266, '0', '0', '0', '0'),
(1612, 12, 266, '0', '0', '0', '0'),
(1611, 17, 265, '0', '0', '0', '0'),
(1610, 16, 265, '0', '0', '0', '0'),
(1607, 13, 265, '0', '0', '0', '0'),
(1606, 12, 265, '0', '0', '0', '0'),
(1605, 17, 264, '0', '0', '0', '0'),
(1604, 16, 264, '0', '0', '0', '0'),
(1601, 13, 264, '0', '0', '0', '0'),
(1600, 12, 264, '0', '0', '0', '0'),
(1599, 17, 263, '0', '0', '0', '0'),
(1598, 16, 263, '0', '0', '0', '0'),
(1595, 13, 263, '0', '0', '0', '0'),
(1594, 12, 263, '0', '0', '0', '0'),
(1593, 17, 262, '0', '0', '0', '0'),
(1592, 16, 262, '0', '0', '0', '0'),
(1589, 13, 262, '0', '0', '0', '0'),
(1588, 12, 262, '0', '0', '0', '0'),
(1587, 17, 261, '0', '0', '0', '0'),
(1586, 16, 261, '0', '0', '0', '0'),
(1583, 13, 261, '0', '0', '0', '0'),
(1582, 12, 261, '0', '0', '0', '0'),
(1581, 17, 260, '0', '0', '0', '0'),
(1580, 16, 260, '0', '0', '0', '0'),
(1577, 13, 260, '0', '0', '0', '0'),
(1576, 12, 260, '0', '0', '0', '0'),
(1575, 17, 259, '0', '0', '0', '0'),
(1574, 16, 259, '0', '0', '0', '0'),
(1571, 13, 259, '0', '0', '0', '0'),
(1570, 12, 259, '0', '0', '0', '0'),
(1569, 17, 258, '0', '0', '0', '0'),
(1568, 16, 258, '0', '0', '0', '0'),
(1565, 13, 258, '0', '0', '0', '0'),
(1564, 12, 258, '0', '0', '0', '0'),
(1563, 17, 257, '0', '0', '0', '0'),
(1562, 16, 257, '0', '0', '0', '0'),
(1559, 13, 257, '0', '0', '0', '0'),
(1558, 12, 257, '0', '0', '0', '0'),
(1557, 17, 256, '0', '0', '0', '0'),
(1556, 16, 256, '0', '0', '0', '0'),
(1553, 13, 256, '0', '0', '0', '0'),
(1552, 12, 256, '0', '0', '0', '0'),
(1551, 17, 255, '0', '0', '0', '0'),
(1550, 16, 255, '0', '0', '0', '0'),
(1547, 13, 255, '0', '0', '0', '0'),
(1546, 12, 255, '0', '0', '0', '0'),
(1545, 17, 254, '0', '0', '0', '0'),
(1544, 16, 254, '0', '0', '0', '0'),
(1541, 13, 254, '0', '0', '0', '0'),
(1540, 12, 254, '0', '0', '0', '0'),
(1539, 17, 253, '0', '0', '0', '0'),
(1538, 16, 253, '0', '0', '0', '0'),
(1535, 13, 253, '0', '0', '0', '0'),
(1534, 12, 253, '0', '0', '0', '0'),
(1533, 17, 252, '0', '0', '0', '0'),
(1532, 16, 252, '0', '0', '0', '0'),
(1529, 13, 252, '0', '0', '0', '0'),
(1528, 12, 252, '0', '0', '0', '0'),
(1527, 17, 251, '0', '0', '0', '0'),
(1526, 16, 251, '0', '0', '0', '0'),
(1523, 13, 251, '0', '0', '0', '0'),
(1522, 12, 251, '0', '0', '0', '0'),
(1521, 17, 250, '0', '0', '0', '0'),
(1520, 16, 250, '0', '0', '0', '0'),
(1517, 13, 250, '0', '0', '0', '0'),
(1516, 12, 250, '0', '0', '0', '0'),
(1515, 17, 249, '0', '0', '0', '0'),
(1514, 16, 249, '0', '0', '0', '0'),
(1511, 13, 249, '0', '0', '0', '0'),
(1510, 12, 249, '0', '0', '0', '0'),
(1509, 17, 248, '0', '0', '0', '0'),
(1508, 16, 248, '0', '0', '0', '0'),
(1505, 13, 248, '0', '0', '0', '0'),
(1504, 12, 248, '0', '0', '0', '0'),
(1503, 17, 247, '0', '0', '0', '0'),
(1502, 16, 247, '0', '0', '0', '0'),
(1499, 13, 247, '0', '0', '0', '0'),
(1498, 12, 247, '0', '0', '0', '0'),
(1497, 17, 246, '0', '0', '0', '0'),
(1496, 16, 246, '0', '0', '0', '0'),
(1493, 13, 246, '0', '0', '0', '0'),
(1492, 12, 246, '0', '0', '0', '0'),
(1491, 17, 245, '0', '0', '0', '0'),
(1490, 16, 245, '0', '0', '0', '0'),
(1487, 13, 245, '0', '0', '0', '0'),
(1486, 12, 245, '0', '0', '0', '0'),
(1485, 17, 244, '0', '0', '0', '0'),
(1484, 16, 244, '0', '0', '0', '0'),
(1481, 13, 244, '0', '0', '0', '0'),
(1480, 12, 244, '0', '0', '0', '0'),
(1479, 17, 243, '0', '0', '0', '0'),
(1478, 16, 243, '0', '0', '0', '0'),
(1475, 13, 243, '0', '0', '0', '0'),
(1474, 12, 243, '0', '0', '0', '0'),
(1473, 17, 242, '0', '0', '0', '0'),
(1472, 16, 242, '0', '0', '0', '0'),
(1469, 13, 242, '0', '0', '0', '0'),
(1468, 12, 242, '0', '0', '0', '0'),
(1467, 17, 241, '0', '0', '0', '0'),
(1466, 16, 241, '0', '0', '0', '0'),
(1463, 13, 241, '0', '0', '0', '0'),
(1462, 12, 241, '0', '0', '0', '0'),
(1461, 17, 240, '0', '0', '0', '0'),
(1460, 16, 240, '0', '0', '0', '0'),
(1457, 13, 240, '0', '0', '0', '0'),
(1456, 12, 240, '0', '0', '0', '0'),
(1455, 17, 239, '0', '0', '0', '0'),
(1454, 16, 239, '0', '0', '0', '0'),
(1451, 13, 239, '0', '0', '0', '0'),
(1450, 12, 239, '0', '0', '0', '0'),
(1449, 17, 238, '0', '0', '0', '0'),
(1448, 16, 238, '0', '0', '0', '0'),
(1445, 13, 238, '0', '0', '0', '0'),
(1444, 12, 238, '0', '0', '0', '0'),
(1443, 17, 237, '0', '0', '0', '0'),
(1442, 16, 237, '0', '0', '0', '0'),
(1439, 13, 237, '0', '0', '0', '0'),
(1438, 12, 237, '0', '0', '0', '0'),
(1437, 17, 236, '0', '0', '0', '0'),
(1436, 16, 236, '0', '0', '0', '0'),
(1433, 13, 236, '0', '0', '0', '0'),
(1432, 12, 236, '0', '0', '0', '0'),
(1431, 17, 235, '0', '0', '0', '0'),
(1430, 16, 235, '0', '0', '0', '0'),
(1427, 13, 235, '0', '0', '0', '0'),
(1426, 12, 235, '0', '0', '0', '0'),
(1425, 17, 234, '0', '0', '0', '0'),
(1424, 16, 234, '0', '0', '0', '0'),
(1421, 13, 234, '0', '0', '0', '0'),
(1420, 12, 234, '0', '0', '0', '0'),
(1419, 17, 233, '0', '0', '0', '0'),
(1418, 16, 233, '0', '0', '0', '0'),
(1415, 13, 233, '0', '0', '0', '0'),
(1414, 12, 233, '0', '0', '0', '0'),
(1413, 17, 232, '0', '0', '0', '0'),
(1412, 16, 232, '0', '0', '0', '0'),
(1411, 15, 232, '0', '0', '0', '0'),
(1410, 14, 232, '0', '0', '0', '0'),
(1409, 13, 232, '0', '0', '0', '0'),
(1408, 12, 232, '0', '0', '0', '0'),
(1407, 17, 231, '0', '0', '0', '0'),
(1406, 16, 231, '0', '0', '0', '0'),
(1405, 15, 231, '0', '0', '0', '0'),
(1404, 14, 231, '0', '0', '0', '0'),
(1403, 13, 231, '0', '0', '0', '0'),
(1402, 12, 231, '0', '0', '0', '0'),
(1401, 17, 230, '0', '0', '0', '0'),
(1400, 16, 230, '0', '0', '0', '0'),
(1399, 15, 230, '0', '0', '0', '0'),
(1398, 14, 230, '0', '0', '0', '0'),
(1397, 13, 230, '0', '0', '0', '0'),
(1396, 12, 230, '0', '0', '0', '0'),
(1395, 17, 229, '0', '0', '0', '0'),
(1394, 16, 229, '0', '0', '0', '0'),
(1393, 15, 229, '0', '0', '0', '0'),
(1392, 14, 229, '0', '0', '0', '0'),
(1391, 13, 229, '0', '0', '0', '0'),
(1390, 12, 229, '0', '0', '0', '0'),
(1389, 17, 228, '0', '0', '0', '0'),
(1388, 16, 228, '0', '0', '0', '0'),
(1386, 14, 228, '0', '0', '0', '0'),
(1385, 13, 228, '0', '0', '0', '0'),
(1384, 12, 228, '0', '0', '0', '0'),
(1383, 17, 227, '0', '0', '0', '0'),
(1382, 16, 227, '0', '0', '0', '0'),
(1381, 15, 227, '0', '0', '0', '0'),
(1380, 14, 227, '0', '0', '0', '0'),
(1379, 13, 227, '0', '0', '0', '0'),
(1378, 12, 227, '0', '0', '0', '0'),
(1377, 17, 226, '0', '0', '0', '0'),
(1376, 16, 226, '0', '0', '0', '0'),
(1375, 15, 226, '0', '0', '0', '0'),
(1374, 14, 226, '0', '0', '0', '0'),
(1373, 13, 226, '0', '0', '0', '0'),
(1372, 12, 226, '0', '0', '0', '0'),
(1371, 17, 225, '0', '0', '0', '0'),
(1370, 16, 225, '0', '0', '0', '0'),
(1369, 15, 225, '0', '0', '0', '0'),
(1345, 15, 221, '0', '0', '0', '0'),
(1344, 14, 221, '0', '0', '0', '0'),
(1343, 13, 221, '0', '0', '0', '0'),
(1342, 12, 221, '0', '0', '0', '0'),
(1341, 17, 220, '0', '0', '0', '0'),
(1340, 16, 220, '0', '0', '0', '0'),
(1339, 15, 220, '0', '0', '0', '0'),
(1338, 14, 220, '0', '0', '0', '0'),
(1337, 13, 220, '0', '0', '0', '0'),
(1336, 12, 220, '0', '0', '0', '0'),
(1335, 17, 219, '0', '0', '0', '0'),
(1334, 16, 219, '0', '0', '0', '0'),
(1333, 15, 219, '0', '0', '0', '0'),
(1332, 14, 219, '0', '0', '0', '0'),
(1331, 13, 219, '0', '0', '0', '0'),
(1330, 12, 219, '0', '0', '0', '0'),
(1329, 17, 218, '0', '0', '0', '0'),
(1328, 16, 218, '0', '0', '0', '0'),
(1327, 15, 218, '0', '0', '0', '0'),
(1326, 14, 218, '0', '0', '0', '0'),
(1325, 13, 218, '0', '0', '0', '0'),
(1324, 12, 218, '0', '0', '0', '0'),
(1323, 17, 217, '0', '0', '0', '0'),
(1322, 16, 217, '0', '0', '0', '0'),
(1321, 15, 217, '0', '0', '0', '0'),
(1320, 14, 217, '0', '0', '0', '0'),
(1319, 13, 217, '0', '0', '0', '0'),
(1318, 12, 217, '0', '0', '0', '0'),
(1317, 17, 216, '0', '0', '0', '0'),
(1316, 16, 216, '0', '0', '0', '0'),
(1315, 15, 216, '0', '0', '0', '0'),
(1314, 14, 216, '0', '0', '0', '0'),
(1313, 13, 216, '0', '0', '0', '0'),
(1312, 12, 216, '0', '0', '0', '0'),
(1311, 17, 215, '0', '0', '0', '0'),
(1310, 16, 215, '0', '0', '0', '0'),
(1309, 15, 215, '0', '0', '0', '0'),
(1308, 14, 215, '0', '0', '0', '0'),
(1307, 13, 215, '0', '0', '0', '0'),
(1306, 12, 215, '0', '0', '0', '0'),
(1305, 17, 214, '0', '0', '0', '0'),
(1304, 16, 214, '0', '0', '0', '0'),
(1303, 15, 214, '0', '0', '0', '0'),
(1302, 14, 214, '0', '0', '0', '0'),
(1301, 13, 214, '0', '0', '0', '0'),
(1300, 12, 214, '0', '0', '0', '0'),
(1299, 17, 213, '0', '0', '0', '0'),
(1298, 16, 213, '0', '0', '0', '0'),
(1296, 14, 213, '0', '0', '0', '0'),
(1295, 13, 213, '0', '0', '0', '0'),
(1294, 12, 213, '0', '0', '0', '0'),
(1293, 17, 212, '0', '0', '0', '0'),
(1292, 16, 212, '0', '0', '0', '0'),
(1291, 15, 212, '0', '0', '0', '0'),
(1290, 14, 212, '0', '0', '0', '0'),
(1289, 13, 212, '0', '0', '0', '0'),
(1288, 12, 212, '0', '0', '0', '0'),
(1287, 17, 211, '0', '0', '0', '0'),
(1286, 16, 211, '0', '0', '0', '0'),
(1285, 15, 211, '0', '0', '0', '0'),
(1284, 14, 211, '0', '0', '0', '0'),
(1283, 13, 211, '0', '0', '0', '0'),
(1282, 12, 211, '0', '0', '0', '0'),
(1281, 17, 210, '0', '0', '0', '0'),
(1280, 16, 210, '0', '0', '0', '0'),
(1279, 15, 210, '0', '0', '0', '0'),
(1278, 14, 210, '0', '0', '0', '0'),
(1277, 13, 210, '0', '0', '0', '0'),
(1276, 12, 210, '0', '0', '0', '0'),
(1275, 17, 209, '0', '0', '0', '0'),
(1274, 16, 209, '0', '0', '0', '0'),
(1273, 15, 209, '0', '0', '0', '0'),
(1272, 14, 209, '0', '0', '0', '0'),
(1271, 13, 209, '0', '0', '0', '0'),
(1270, 12, 209, '0', '0', '0', '0'),
(1269, 17, 208, '0', '0', '0', '0'),
(1268, 16, 208, '0', '0', '0', '0'),
(1267, 15, 208, '0', '0', '0', '0'),
(1266, 14, 208, '0', '0', '0', '0'),
(1265, 13, 208, '0', '0', '0', '0'),
(1264, 12, 208, '0', '0', '0', '0'),
(1263, 17, 207, '0', '0', '0', '0'),
(1262, 16, 207, '0', '0', '0', '0'),
(1261, 15, 207, '0', '0', '0', '0'),
(1260, 14, 207, '0', '0', '0', '0'),
(1259, 13, 207, '0', '0', '0', '0'),
(1258, 12, 207, '0', '0', '0', '0'),
(1257, 17, 206, '0', '0', '0', '0'),
(1256, 16, 206, '0', '0', '0', '0'),
(1255, 15, 206, '0', '0', '0', '0'),
(1254, 14, 206, '0', '0', '0', '0'),
(1253, 13, 206, '0', '0', '0', '0'),
(1252, 12, 206, '0', '0', '0', '0'),
(1251, 17, 205, '0', '0', '0', '0'),
(1250, 16, 205, '0', '0', '0', '0'),
(1249, 15, 205, '0', '0', '0', '0'),
(1248, 14, 205, '0', '0', '0', '0'),
(1247, 13, 205, '0', '0', '0', '0'),
(1246, 12, 205, '0', '0', '0', '0'),
(1245, 17, 204, '0', '0', '0', '0'),
(1244, 16, 204, '0', '0', '0', '0'),
(1243, 15, 204, '0', '0', '0', '0'),
(1242, 14, 204, '0', '0', '0', '0'),
(1241, 13, 204, '0', '0', '0', '0'),
(1240, 12, 204, '0', '0', '0', '0'),
(1239, 17, 203, '0', '0', '0', '0'),
(1238, 16, 203, '0', '0', '0', '0'),
(1237, 15, 203, '0', '0', '0', '0'),
(1236, 14, 203, '0', '0', '0', '0'),
(1235, 13, 203, '0', '0', '0', '0'),
(1234, 12, 203, '0', '0', '0', '0'),
(1233, 17, 202, '0', '0', '0', '0'),
(1232, 16, 202, '0', '0', '0', '0'),
(1231, 15, 202, '0', '0', '0', '0'),
(1126, 12, 185, '0', '0', '0', '0'),
(1125, 17, 184, '0', '0', '0', '0'),
(1124, 16, 184, '0', '0', '0', '0'),
(1123, 15, 184, '0', '0', '0', '0'),
(1122, 14, 184, '0', '0', '0', '0'),
(1121, 13, 184, '0', '0', '0', '0'),
(1120, 12, 184, '0', '0', '0', '0'),
(1119, 17, 183, '0', '0', '0', '0'),
(1118, 16, 183, '0', '0', '0', '0'),
(1117, 15, 183, '0', '0', '0', '0'),
(1116, 14, 183, '0', '0', '0', '0'),
(1115, 13, 183, '0', '0', '0', '0'),
(1114, 12, 183, '0', '0', '0', '0'),
(1113, 17, 182, '0', '0', '0', '0'),
(1112, 16, 182, '0', '0', '0', '0'),
(1111, 15, 182, '0', '0', '0', '0'),
(1110, 14, 182, '0', '0', '0', '0'),
(1109, 13, 182, '0', '0', '0', '0'),
(1108, 12, 182, '0', '0', '0', '0'),
(1107, 17, 181, '0', '0', '0', '0'),
(1106, 16, 181, '0', '0', '0', '0'),
(1105, 15, 181, '0', '0', '0', '0'),
(1104, 14, 181, '0', '0', '0', '0'),
(1103, 13, 181, '0', '0', '0', '0'),
(1102, 12, 181, '0', '0', '0', '0'),
(1101, 17, 180, '0', '0', '0', '0'),
(1100, 16, 180, '0', '0', '0', '0'),
(1099, 15, 180, '0', '0', '0', '0'),
(1098, 14, 180, '0', '0', '0', '0'),
(1097, 13, 180, '0', '0', '0', '0'),
(1096, 12, 180, '0', '0', '0', '0'),
(1095, 17, 179, '0', '0', '0', '0'),
(1094, 16, 179, '0', '0', '0', '0'),
(1093, 15, 179, '0', '0', '0', '0'),
(1092, 14, 179, '0', '0', '0', '0'),
(1091, 13, 179, '0', '0', '0', '0'),
(1090, 12, 179, '0', '0', '0', '0'),
(1089, 17, 178, '1', '1', '1', '1'),
(1088, 16, 178, '1', '1', '1', '1'),
(1087, 15, 178, '1', '1', '1', '1'),
(1086, 14, 178, '1', '1', '1', '1'),
(1085, 13, 178, '1', '1', '1', '1'),
(1084, 12, 178, '0', '0', '0', '0'),
(1083, 17, 177, '0', '0', '0', '0'),
(1082, 16, 177, '0', '0', '0', '0'),
(1081, 15, 177, '0', '0', '0', '0'),
(1080, 14, 177, '0', '0', '0', '0'),
(1079, 13, 177, '0', '0', '0', '0'),
(1078, 12, 177, '0', '0', '0', '0'),
(1077, 17, 176, '0', '0', '0', '0'),
(1076, 16, 176, '0', '0', '0', '0'),
(1075, 15, 176, '0', '0', '0', '0'),
(1074, 14, 176, '0', '0', '0', '0'),
(1073, 13, 176, '0', '0', '0', '0'),
(1072, 12, 176, '0', '0', '0', '0'),
(1071, 17, 175, '0', '0', '0', '0'),
(1070, 16, 175, '0', '0', '0', '0'),
(1069, 15, 175, '0', '0', '0', '0'),
(1068, 14, 175, '0', '0', '0', '0'),
(1067, 13, 175, '0', '0', '0', '0'),
(1066, 12, 175, '0', '0', '0', '0'),
(1065, 17, 174, '0', '0', '0', '0'),
(1064, 16, 174, '0', '0', '0', '0'),
(1063, 15, 174, '0', '0', '0', '0'),
(1062, 14, 174, '0', '0', '0', '0'),
(1061, 13, 174, '0', '0', '0', '0'),
(1060, 12, 174, '0', '0', '0', '0'),
(1059, 17, 173, '0', '0', '0', '0'),
(1058, 16, 173, '0', '0', '0', '0'),
(1057, 15, 173, '0', '0', '0', '0'),
(1056, 14, 173, '0', '0', '0', '0'),
(1055, 13, 173, '0', '0', '0', '0'),
(1054, 12, 173, '0', '0', '0', '0'),
(1053, 17, 172, '0', '0', '0', '0'),
(1052, 16, 172, '0', '0', '0', '0'),
(1051, 15, 172, '0', '0', '0', '0'),
(1050, 14, 172, '0', '0', '0', '0'),
(1049, 13, 172, '0', '0', '0', '0'),
(1048, 12, 172, '0', '0', '0', '0'),
(1047, 17, 171, '0', '0', '0', '0'),
(1046, 16, 171, '0', '0', '0', '0'),
(1045, 15, 171, '0', '0', '0', '0'),
(1044, 14, 171, '0', '0', '0', '0'),
(1043, 13, 171, '0', '0', '0', '0'),
(1042, 12, 171, '0', '0', '0', '0'),
(1041, 17, 170, '0', '0', '0', '0'),
(1040, 16, 170, '0', '0', '0', '0'),
(1039, 15, 170, '0', '0', '0', '0'),
(1038, 14, 170, '0', '0', '0', '0'),
(1037, 13, 170, '0', '0', '0', '0'),
(1036, 12, 170, '0', '0', '0', '0'),
(1035, 17, 169, '0', '0', '0', '0'),
(1034, 16, 169, '0', '0', '0', '0'),
(1033, 15, 169, '0', '0', '0', '0'),
(1032, 14, 169, '0', '0', '0', '0'),
(1031, 13, 169, '0', '0', '0', '0'),
(1030, 12, 169, '0', '0', '0', '0'),
(1029, 17, 168, '0', '0', '0', '0'),
(1028, 16, 168, '0', '0', '0', '0'),
(1027, 15, 168, '0', '0', '0', '0'),
(1026, 14, 168, '0', '0', '0', '0'),
(1025, 13, 168, '0', '0', '0', '0'),
(1024, 12, 168, '0', '0', '0', '0'),
(1023, 17, 167, '0', '0', '0', '0'),
(1022, 16, 167, '0', '0', '0', '0'),
(1021, 15, 167, '0', '0', '0', '0'),
(1020, 14, 167, '0', '0', '0', '0'),
(1019, 13, 167, '0', '0', '0', '0'),
(1018, 12, 167, '0', '0', '0', '0'),
(1017, 17, 166, '0', '0', '0', '0'),
(1016, 16, 166, '0', '0', '0', '0'),
(1015, 15, 166, '0', '0', '0', '0'),
(1014, 14, 166, '0', '0', '0', '0'),
(1013, 13, 166, '0', '0', '0', '0'),
(1012, 12, 166, '0', '0', '0', '0'),
(1011, 17, 165, '0', '0', '0', '0'),
(1010, 16, 165, '0', '0', '0', '0'),
(1009, 15, 165, '0', '0', '0', '0'),
(1008, 14, 165, '0', '0', '0', '0'),
(1007, 13, 165, '0', '0', '0', '0'),
(1006, 12, 165, '0', '0', '0', '0'),
(1005, 17, 164, '0', '0', '0', '0'),
(1004, 16, 164, '0', '0', '0', '0'),
(1003, 15, 164, '0', '0', '0', '0'),
(1002, 14, 164, '0', '0', '0', '0'),
(1001, 13, 164, '0', '0', '0', '0'),
(1368, 14, 225, '0', '0', '0', '0'),
(1367, 13, 225, '0', '0', '0', '0'),
(1366, 12, 225, '0', '0', '0', '0'),
(1365, 17, 224, '0', '0', '0', '0'),
(1364, 16, 224, '0', '0', '0', '0'),
(1363, 15, 224, '0', '0', '0', '0'),
(1362, 14, 224, '0', '0', '0', '0'),
(1361, 13, 224, '0', '0', '0', '0'),
(1360, 12, 224, '0', '0', '0', '0'),
(1359, 17, 223, '0', '0', '0', '0'),
(1358, 16, 223, '0', '0', '0', '0'),
(1357, 15, 223, '0', '0', '0', '0'),
(1356, 14, 223, '0', '0', '0', '0'),
(1355, 13, 223, '0', '0', '0', '0'),
(1354, 12, 223, '0', '0', '0', '0'),
(1353, 17, 222, '0', '0', '0', '0'),
(1352, 16, 222, '0', '0', '0', '0'),
(1351, 15, 222, '0', '0', '0', '0'),
(1350, 14, 222, '0', '0', '0', '0'),
(1349, 13, 222, '0', '0', '0', '0'),
(1348, 12, 222, '0', '0', '0', '0'),
(1347, 17, 221, '0', '0', '0', '0'),
(1346, 16, 221, '0', '0', '0', '0'),
(1230, 14, 202, '0', '0', '0', '0'),
(1229, 13, 202, '0', '0', '0', '0'),
(1228, 12, 202, '0', '0', '0', '0'),
(1227, 17, 201, '0', '0', '0', '0'),
(1226, 16, 201, '0', '0', '0', '0'),
(1225, 15, 201, '0', '0', '0', '0'),
(1224, 14, 201, '0', '0', '0', '0'),
(1223, 13, 201, '0', '0', '0', '0'),
(1222, 12, 201, '0', '0', '0', '0'),
(1221, 17, 200, '0', '0', '0', '0'),
(1220, 16, 200, '0', '0', '0', '0'),
(1219, 15, 200, '0', '0', '0', '0'),
(1218, 14, 200, '0', '0', '0', '0'),
(1217, 13, 200, '0', '0', '0', '0'),
(1216, 12, 200, '0', '0', '0', '0'),
(1215, 17, 199, '0', '0', '0', '0'),
(1214, 16, 199, '0', '0', '0', '0'),
(1213, 15, 199, '0', '0', '0', '0'),
(1212, 14, 199, '0', '0', '0', '0'),
(1211, 13, 199, '0', '0', '0', '0'),
(1210, 12, 199, '0', '0', '0', '0'),
(1209, 17, 198, '0', '0', '0', '0'),
(1208, 16, 198, '0', '0', '0', '0'),
(1207, 15, 198, '0', '0', '0', '0'),
(1206, 14, 198, '0', '0', '0', '0'),
(1205, 13, 198, '0', '0', '0', '0'),
(1204, 12, 198, '0', '0', '0', '0'),
(1203, 17, 197, '0', '0', '0', '0'),
(1202, 16, 197, '0', '0', '0', '0'),
(1201, 15, 197, '0', '0', '0', '0'),
(1200, 14, 197, '0', '0', '0', '0'),
(1199, 13, 197, '0', '0', '0', '0'),
(1198, 12, 197, '0', '0', '0', '0'),
(1197, 17, 196, '0', '0', '0', '0'),
(1196, 16, 196, '0', '0', '0', '0'),
(1195, 15, 196, '0', '0', '0', '0'),
(1194, 14, 196, '0', '0', '0', '0'),
(1193, 13, 196, '0', '0', '0', '0'),
(1192, 12, 196, '0', '0', '0', '0'),
(1191, 17, 195, '0', '0', '0', '0'),
(1190, 16, 195, '0', '0', '0', '0'),
(1189, 15, 195, '0', '0', '0', '0'),
(1188, 14, 195, '0', '0', '0', '0'),
(1187, 13, 195, '0', '0', '0', '0'),
(1186, 12, 195, '0', '0', '0', '0'),
(1185, 17, 194, '0', '0', '0', '0'),
(1184, 16, 194, '0', '0', '0', '0'),
(1183, 15, 194, '0', '0', '0', '0'),
(1182, 14, 194, '0', '0', '0', '0'),
(1181, 13, 194, '0', '0', '0', '0'),
(1180, 12, 194, '0', '0', '0', '0'),
(1179, 17, 193, '0', '0', '0', '0'),
(1178, 16, 193, '0', '0', '0', '0'),
(1177, 15, 193, '0', '0', '0', '0'),
(1176, 14, 193, '0', '0', '0', '0'),
(1175, 13, 193, '0', '0', '0', '0'),
(1174, 12, 193, '0', '0', '0', '0'),
(1173, 17, 192, '0', '0', '0', '0'),
(1172, 16, 192, '0', '0', '0', '0'),
(1171, 15, 192, '0', '0', '0', '0'),
(1165, 15, 191, '0', '0', '0', '0'),
(1164, 14, 191, '0', '0', '0', '0'),
(1163, 13, 191, '0', '0', '0', '0'),
(1162, 12, 191, '0', '0', '0', '0'),
(1161, 17, 190, '0', '0', '0', '0'),
(1160, 16, 190, '0', '0', '0', '0'),
(1159, 15, 190, '0', '0', '0', '0'),
(1158, 14, 190, '0', '0', '0', '0'),
(1157, 13, 190, '0', '0', '0', '0'),
(1156, 12, 190, '0', '0', '0', '0'),
(1155, 17, 189, '0', '0', '0', '0'),
(1154, 16, 189, '0', '0', '0', '0'),
(1153, 15, 189, '0', '0', '0', '0'),
(1152, 14, 189, '0', '0', '0', '0'),
(1151, 13, 189, '0', '0', '0', '0'),
(1150, 12, 189, '0', '0', '0', '0'),
(1149, 17, 188, '0', '0', '0', '0'),
(1148, 16, 188, '0', '0', '0', '0'),
(1147, 15, 188, '0', '0', '0', '0'),
(1146, 14, 188, '0', '0', '0', '0'),
(1145, 13, 188, '0', '0', '0', '0'),
(1144, 12, 188, '0', '0', '0', '0'),
(1143, 17, 187, '0', '0', '0', '0'),
(1142, 16, 187, '0', '0', '0', '0'),
(1141, 15, 187, '0', '0', '0', '0'),
(1140, 14, 187, '0', '0', '0', '0'),
(1139, 13, 187, '0', '0', '0', '0'),
(1138, 12, 187, '0', '0', '0', '0'),
(1137, 17, 186, '0', '0', '0', '0'),
(1136, 16, 186, '0', '0', '0', '0'),
(1134, 14, 186, '0', '0', '0', '0'),
(1133, 13, 186, '0', '0', '0', '0'),
(1132, 12, 186, '0', '0', '0', '0'),
(1131, 17, 185, '0', '0', '0', '0'),
(1130, 16, 185, '0', '0', '0', '0'),
(1129, 15, 185, '0', '0', '0', '0'),
(1166, 16, 191, '0', '0', '0', '0'),
(1167, 17, 191, '0', '0', '0', '0'),
(1168, 12, 192, '0', '0', '0', '0'),
(1169, 13, 192, '0', '0', '0', '0'),
(1170, 14, 192, '0', '0', '0', '0'),
(1297, 15, 213, '0', '0', '0', '0'),
(1387, 15, 228, '0', '0', '0', '0'),
(1135, 15, 186, '0', '0', '0', '0'),
(1127, 13, 185, '0', '0', '0', '0'),
(1128, 14, 185, '0', '0', '0', '0'),
(1000, 12, 164, '0', '0', '0', '0'),
(999, 17, 163, '0', '0', '0', '0'),
(998, 16, 163, '0', '0', '0', '0'),
(997, 15, 163, '0', '0', '0', '0'),
(996, 14, 163, '0', '0', '0', '0'),
(995, 13, 163, '0', '0', '0', '0'),
(994, 12, 163, '0', '0', '0', '0'),
(993, 17, 162, '0', '0', '0', '0'),
(992, 16, 162, '0', '0', '0', '0'),
(991, 15, 162, '0', '0', '0', '0'),
(990, 14, 162, '0', '0', '0', '0'),
(989, 13, 162, '0', '0', '0', '0'),
(988, 12, 162, '0', '0', '0', '0'),
(987, 17, 161, '0', '0', '0', '0'),
(986, 16, 161, '0', '0', '0', '0'),
(985, 15, 161, '0', '0', '0', '0'),
(984, 14, 161, '0', '0', '0', '0'),
(983, 13, 161, '0', '0', '0', '0'),
(982, 12, 161, '0', '0', '0', '0'),
(981, 17, 160, '0', '0', '0', '0'),
(980, 16, 160, '0', '0', '0', '0'),
(979, 15, 160, '0', '0', '0', '0'),
(978, 14, 160, '0', '0', '0', '0'),
(977, 13, 160, '0', '0', '0', '0'),
(976, 12, 160, '0', '0', '0', '0'),
(975, 17, 159, '0', '0', '0', '0'),
(974, 16, 159, '0', '0', '0', '0'),
(973, 15, 159, '0', '0', '0', '0'),
(972, 14, 159, '0', '0', '0', '0'),
(971, 13, 159, '0', '0', '0', '0'),
(970, 12, 159, '0', '0', '0', '0'),
(969, 17, 158, '0', '0', '0', '0'),
(968, 16, 158, '0', '0', '0', '0'),
(967, 15, 158, '0', '0', '0', '0'),
(966, 14, 158, '0', '0', '0', '0'),
(964, 12, 158, '1', '1', '1', '1'),
(965, 13, 158, '0', '0', '0', '0');

-- --------------------------------------------------------

--
-- Table structure for table `chapters`
--

CREATE TABLE IF NOT EXISTS `chapters` (
  `name` varchar(255) NOT NULL,
  `field_id` int(10) unsigned NOT NULL,
  `decriptions` text,
  `image` varchar(100) DEFAULT NULL,
  `image_path` varchar(255) DEFAULT NULL,
  `created` datetime DEFAULT NULL,
  `modified` datetime DEFAULT NULL,
  `created_user_id` int(10) unsigned NOT NULL,
  `id` int(10) unsigned NOT NULL AUTO_INCREMENT,
  PRIMARY KEY (`id`,`name`)
) ENGINE=InnoDB  DEFAULT CHARSET=utf8 AUTO_INCREMENT=4 ;

--
-- Dumping data for table `chapters`
--

INSERT INTO `chapters` (`name`, `field_id`, `decriptions`, `image`, `image_path`, `created`, `modified`, `created_user_id`, `id`) VALUES
('KỸ NĂNG GIAO TIẾP', 1, '', '', '', '2014-04-29 03:51:37', '2014-04-29 03:51:37', 1, 1),
('Soạn bài giảng điện tử', 1, '', NULL, '', '2014-05-05 01:03:22', '2014-05-05 01:03:22', 1, 2),
('Kỹ năng giao tiếp', 1, '<p><span style="color: #ff0000;"><strong><span style="font-size: 12pt;">Virtual fields</span></strong></span></p>\r\n<div id="virtual-fields" class="section">\r\n<p><span style="font-size: 12pt;">Virtual fields allow you to create arbitrary SQL expressions and assign them as fields in a Model. These fields cannot be saved, but will be treated like other model fields for read operations. They will be indexed under the model&rsquo;s key alongside other model fields.</span></p>\r\n</div>', NULL, '', '2014-05-09 02:44:45', '2014-05-13 03:56:55', 3, 3);

-- --------------------------------------------------------

--
-- Table structure for table `courses`
--

CREATE TABLE IF NOT EXISTS `courses` (
  `name` varchar(100) NOT NULL,
  `teacher_id` int(10) unsigned NOT NULL,
  `decription` text,
  `max_enroll_number` int(11) NOT NULL,
  `session_number` int(11) NOT NULL,
  `is_published` tinyint(1) NOT NULL DEFAULT '1',
  `enrolling_expiry_date` datetime DEFAULT NULL,
  `status` int(11) NOT NULL DEFAULT '1' COMMENT '1 - enrolling',
  `created` datetime DEFAULT NULL,
  `created_user_id` int(10) unsigned NOT NULL,
  `modified` datetime DEFAULT NULL,
  `id` int(10) unsigned NOT NULL AUTO_INCREMENT,
  `chapter_id` int(10) unsigned NOT NULL,
  `image` varchar(255) DEFAULT NULL,
  `image_path` varchar(255) DEFAULT NULL,
  PRIMARY KEY (`id`)
) ENGINE=InnoDB  DEFAULT CHARSET=utf8 AUTO_INCREMENT=3 ;

--
-- Dumping data for table `courses`
--

INSERT INTO `courses` (`name`, `teacher_id`, `decription`, `max_enroll_number`, `session_number`, `is_published`, `enrolling_expiry_date`, `status`, `created`, `created_user_id`, `modified`, `id`, `chapter_id`, `image`, `image_path`) VALUES
('ĐỂ MỌI NGƯỜI MUỐN NGHE Ý KIẾN CỦA BẠN', 3, '<p><span style="font-size: 12pt;">Bạn đ&atilde; bao giờ tham dự cuộc họp m&agrave; ban đầu một đai biểu giơ tay, đặt c&acirc;u hỏi v&agrave; chỉ v&agrave;i ph&uacute;t sau, lại đặt một c&acirc;u hỏi kh&aacute;c? Sau đ&oacute;, một đại hiểu cũng n&oacute;i nhiều như thể đưa ra nhận x&eacute;t.</span></p>\r\n<p><span style="font-size: 12pt;">Vị đại biểu bảo thủ đ&oacute; n&oacute;i li&ecirc;n tục đến nỗi người điều phối cuộc họp kh&oacute; chịu v&agrave; cuối c&ugrave;ng phải thốt l&ecirc;n, &ldquo;b&acirc;y giờ h&atilde;y nghe một đại biểu kh&aacute;c ph&aacute;t biểu.&rdquo; <strong>Mọi người thở d&agrave;i nhẹ nh&otilde;m</strong>. Nếu một người kh&ocirc;ng n&oacute;i thẳng &yacute; kiến trước khi chia sẻ quan điểm của m&igrave;nh, cả nh&oacute;m sẽ lắng nghe.</span></p>\r\n<p><span style="font-size: 12pt;">Một ng&agrave;y, c&aacute;ch đ&acirc;y v&agrave;i năm, t&ocirc;i đang c&ugrave;ng một nh&oacute;m nhỏ khoảng năm hoặc s&aacute;u người ngồi quanh bể bơi của một người bạn. Sau phần giới thiệu rất ngắn gọn, t&ocirc;i nhận thấy một trong những người phụ nữ ở đ&oacute; dường như lắng nghe một c&aacute;ch chăm ch&uacute;.</span></p>\r\n<p><span style="font-size: 12pt;">Cả nh&oacute;m đang n&oacute;i chuyện phiếm về những thứ quan trọng v&agrave; những thứ kh&ocirc;ng quan trọng, v&agrave; mọi người đều đưa ra &yacute; kiến của m&igrave;nh về hai chủ đề tr&ecirc;n. Tất cả mọi người, ngoại trừ người phụ nữ đ&oacute; l&agrave; kh&ocirc;ng đưa ra &yacute; kiến. C&ocirc; ấy kh&ocirc;ng n&oacute;i một lời, t&ocirc;i t&ograve; m&ograve; về c&aacute;ch c&ocirc; ấy cảm nhận những chủ đề kh&aacute;c nhau n&agrave;y, nhưng t&ocirc;i kh&ocirc;ng muốn hỏi v&igrave; sợ l&agrave;m c&ocirc; ấy kh&oacute; chịu. C&ocirc; ấy c&oacute; vẻ rất nh&uacute;t nh&aacute;t.</span></p>\r\n<p><span style="font-size: 12pt;">Tuy nhi&ecirc;n, khi cuộc tr&ograve; chuyện của ch&uacute;ng t&ocirc;i đ&atilde; được nửa tiếng, người phụ nữ đ&oacute; đột nhi&ecirc;n h&agrave;o hứng đưa ra quan điểm về những vấn đề ch&uacute;ng t&ocirc;i đang thảo luận. C&ocirc; ấy khiến ch&uacute;ng t&ocirc;i ngạc nhi&ecirc;n về những nhận x&eacute;t của c&ocirc; ấy, v&agrave; chũng t&ocirc;i rất muốn nghe c&ocirc; ấy n&oacute;i. Sau đ&oacute;, c&ocirc; ấy tr&ograve; chuyện rất nhiều v&agrave; ch&uacute;ng t&ocirc;i đặc biệt th&iacute;ch nghe c&ocirc; ấy. Tại sao vậy?</span></p>', 30, 2, 1, '2014-05-15 09:00:00', 1, '2014-05-09 08:59:21', 0, '2014-05-13 07:52:53', 1, 1, 'giao-tiep-im-lang(2).gif', '1'),
('NGHỆ THUẬT GIAO TIẾP: “LẤY LÒNG” CẤP TRÊN', 3, '<p><span style="font-size: 12pt;">C&oacute; thể c&oacute; người cho rằng ch&uacute;ng ta ho&agrave;n to&agrave;n c&oacute; thể b&agrave;y tỏ được &yacute; muốn &ldquo;lấy l&ograve;ng&rdquo; người kh&aacute;c bằng th&aacute;i độ v&agrave; h&agrave;nh động cụ thể. Điều đ&oacute; kh&ocirc;ng sai, nhưng chưa đủ. Bởi ngợi khen bằng lời vẫn l&agrave; phương ph&aacute;p biểu đạt tốt nhất thiện &yacute; của bạn với đối phương.</span></p>\r\n<p><span style="font-size: 12pt;">Tuy nhi&ecirc;n, n&oacute;i ra &ldquo;những lời c&oacute; c&aacute;nh&rdquo; đ&oacute; l&agrave; một nghệ thuật trong giao tiếp cần sự tế nhị, kh&eacute;o l&eacute;o, tinh tế chứ kh&ocirc;ng n&ecirc;n th&ocirc; cứng. Trước hết h&atilde;y đề cập đến những g&igrave; li&ecirc;n quan đến anh ta bằng những lời n&oacute;i cung k&iacute;nh, tr&acirc;n trọng. C&ograve;n phần m&igrave;nh th&igrave; n&ecirc;n n&oacute;i một c&aacute;ch vừa phải, &yacute; khi&ecirc;m nhường, tr&aacute;nh t&acirc;ng bốc, khoe khoang. Bạn đừng cho rằng l&agrave;m như vậy l&agrave; t&acirc;ng bốc người kh&aacute;c, nếu n&oacute; được d&ugrave;ng một c&aacute;ch th&iacute;ch hợp, đ&uacute;ng l&uacute;c, đ&uacute;ng chỗ sẽ khiến đối phương cảm thấy dễ chịu v&agrave; thiện cảm với bạn.</span></p>\r\n<p><span style="font-size: 12pt;">Thường th&igrave; nh&acirc;n vi&ecirc;n trong c&ocirc;ng ty rất &iacute;t quan t&acirc;m đến việc cấp tr&ecirc;n đi c&ocirc;ng t&aacute;c về. Kỳ thực đ&acirc;y ch&iacute;nh l&agrave; một cơ hội rất tốt. Một nh&acirc;n vi&ecirc;n c&oacute; kỹ năng giao tiếp tốt sẽ bước tới đ&oacute;n cấp tr&ecirc;n, đồng thời kh&ocirc;ng thể qu&ecirc;n n&oacute;i những c&acirc;u như: &ldquo;Anh về rồi ạ! Chắc l&agrave; mọi việc đều tốt đẹp cả chứ ạ?&rdquo;&hellip; Sau đ&oacute; x&aacute;ch đồ đạc gi&uacute;p &ocirc;ng ta, v&agrave; nhắc thư k&yacute; hoặc đ&iacute;ch th&acirc;n m&igrave;nh đi pha tr&agrave; mời &ocirc;ng ta. Lời n&oacute;i v&agrave; th&aacute;i độ &acirc;n cần của bạn l&agrave; một c&aacute;ch &ldquo;lấy l&ograve;ng&rdquo; kh&aacute; hiệu quả đấy. Chẳng ai lại kh&ocirc;ng h&agrave;i l&ograve;ng khi cấp dưới của m&igrave;nh quan t&acirc;m, chu đ&aacute;o với m&igrave;nh như vậy, phải kh&ocirc;ng?</span><br /><span style="font-size: 12pt;">Những việc nhỏ như vậy thường khiến cấp tr&ecirc;n nhớ l&acirc;u. &ldquo;Người kh&ocirc;ng l&agrave;m được việc nhỏ th&igrave; l&agrave;m sao l&agrave;m được việc lớn&rdquo; &ndash; c&oacute; lẽ đ&oacute; l&agrave; một ti&ecirc;u chuẩn m&agrave; đa số l&atilde;nh đạo d&ugrave;ng để đ&aacute;nh gi&aacute; cấp dưới của m&igrave;nh. Lại nữa, khi ăn cơm trưa, kh&ocirc;ng n&ecirc;n l&uacute;c n&agrave;o cũng chăm ch&uacute; với c&aacute;c đồng nghiệp của m&igrave;nh, h&atilde;y đ&aacute;nh tiếng ch&agrave;o mời cấp tr&ecirc;n. C&oacute; thể cấp tr&ecirc;n c&ograve;n bận những việc kh&aacute;c n&ecirc;n kh&ocirc;ng đi ăn c&ugrave;ng được, nhưng một tiếng ch&agrave;o sẽ để cho người ta cảm gi&aacute;c kh&aacute;c hẳn so với trường hợp m&agrave; khi cấp tr&ecirc;n c&ograve;n ngồi đ&oacute;, vừa tới giờ ăn trưa l&agrave; r&acirc;m ran c&ugrave;ng c&aacute;c đồng nghiệp kh&aacute;c rời vị tr&iacute;.</span></p>\r\n<p><span style="font-size: 12pt;">Những người cấp tr&ecirc;n &iacute;t nhiều đều c&oacute; mong muốn được n&oacute;i chuyện, truyền kinh nghiệm, chỉ dẫn đối với cấp dưới, vậy bạn h&atilde;y l&agrave; một người nghe trung thực, lắng nghe những chia sẻ của cấp tr&ecirc;n. Với những nh&acirc;n vi&ecirc;n chịu kh&oacute; lắng nghe những lời của m&igrave;nh hơn những người kh&aacute;c, tất nhi&ecirc;n l&agrave; cấp tr&ecirc;n sẽ c&agrave;ng t&iacute;n nhiệm v&agrave; c&oacute; đ&aacute;nh gi&aacute; cao hơn.</span></p>\r\n<p><span style="font-size: 12pt;">Thực tế, người ta sẽ c&oacute; cảm t&igrave;nh hơn với những đối tượng chịu nghe m&igrave;nh. Khi giao tiếp với cấp tr&ecirc;n, thỉnh thoảng bạn h&atilde;y b&agrave;y tỏ t&igrave;nh cảm, sự đồng t&igrave;nh, cảm động, thỉnh thoảng nhắc lại lời cấp tr&ecirc;n; xin cho những giải th&iacute;ch tỉ mỉ hơn. L&uacute;c đầu sẽ c&oacute; ch&uacute;t gượng, nhưng mấy lần sau tự nhi&ecirc;n sẽ quen.</span></p>\r\n<p><span style="font-size: 12pt;">T&oacute;m lại, d&ugrave; bạn c&oacute; mệt mỏi, kh&oacute; chịu, d&ugrave; bạn ở đ&acirc;u, l&agrave;m g&igrave; c&ugrave;ng cấp tr&ecirc;n, xin đừng qu&ecirc;n n&oacute;i với cấp tr&ecirc;n những lời &ldquo;k&iacute;nh trọng&rdquo; với th&aacute;i độ ch&acirc;n th&agrave;nh. H&atilde;y ch&uacute; &yacute; lắng nghe v&agrave; thực hiện những dặn d&ograve; của cấp tr&ecirc;n với th&aacute;i độ &ldquo;cung k&iacute;nh&rdquo; v&agrave; t&aacute;c phong nhanh nhẹn.</span></p>', 25, 4, 0, '2014-05-20 09:00:00', 1, '2014-05-13 04:00:28', 0, '2014-05-13 04:00:28', 2, 1, 'ky_nang_giao_tiep_2.jpg', '2');

-- --------------------------------------------------------

--
-- Table structure for table `courses_rooms`
--

CREATE TABLE IF NOT EXISTS `courses_rooms` (
  `course_id` int(10) unsigned NOT NULL,
  `room_id` int(10) unsigned NOT NULL,
  `allDate` tinyint(1) NOT NULL DEFAULT '0',
  `start` datetime DEFAULT NULL,
  `end` datetime DEFAULT NULL,
  `priority` int(10) unsigned NOT NULL,
  `note` varchar(255) DEFAULT NULL,
  `created` datetime DEFAULT NULL,
  `created_user_id` int(10) unsigned NOT NULL,
  `modified` datetime DEFAULT NULL,
  `id` int(10) unsigned NOT NULL AUTO_INCREMENT,
  `color` varchar(50) DEFAULT NULL,
  `title` varchar(50) NOT NULL,
  PRIMARY KEY (`id`)
) ENGINE=InnoDB  DEFAULT CHARSET=utf8 AUTO_INCREMENT=30 ;

--
-- Dumping data for table `courses_rooms`
--

INSERT INTO `courses_rooms` (`course_id`, `room_id`, `allDate`, `start`, `end`, `priority`, `note`, `created`, `created_user_id`, `modified`, `id`, `color`, `title`) VALUES
(1, 1, 0, '2014-05-20 07:00:00', NULL, 1, NULL, '2014-05-15 07:22:57', 1, '2014-05-20 09:55:06', 1, '#ff6161', 'Buổi 1'),
(1, 2, 0, '2014-05-15 07:00:00', '2014-05-15 08:42:00', 8, NULL, '2014-05-15 08:02:01', 1, '2014-05-20 09:56:05', 9, '#e01685', 'Buổi 8'),
(1, 4, 0, '2014-05-06 07:00:00', '2014-05-06 11:00:00', 6, NULL, '2014-05-20 04:04:30', 1, '2014-05-20 09:58:58', 25, '#c7e66a', 'Buổi 6'),
(1, 5, 0, '2014-05-08 07:00:00', NULL, 10, NULL, '2014-05-20 06:23:59', 1, '2014-05-20 06:25:04', 26, '#6e1212', 'Buổi 10'),
(1, 2, 0, '2014-04-29 07:00:00', '2014-04-29 11:00:00', 2, NULL, '2014-05-20 09:56:39', 1, '2014-05-20 09:57:04', 27, '#eb0e0e', 'Buổi 2'),
(1, 4, 0, '2014-05-01 07:00:00', '2014-05-01 11:00:00', 3, NULL, '2014-05-20 09:57:37', 1, '2014-05-20 10:02:33', 28, '#ad1515', 'Buổi 3'),
(1, 5, 0, '2014-05-04 07:00:00', '2014-05-04 11:00:00', 4, NULL, '2014-05-20 10:02:12', 1, '2014-05-20 10:03:23', 29, '#61ff81', 'Buổi 4');

-- --------------------------------------------------------

--
-- Table structure for table `departments`
--

CREATE TABLE IF NOT EXISTS `departments` (
  `name` varchar(50) NOT NULL,
  `parent_id` int(11) DEFAULT NULL,
  `phone_number` varchar(45) DEFAULT NULL,
  `decription` text,
  `lft` int(11) DEFAULT NULL,
  `rght` int(11) DEFAULT NULL,
  `created` datetime DEFAULT NULL,
  `modified` datetime DEFAULT NULL,
  `id` int(10) unsigned NOT NULL AUTO_INCREMENT,
  PRIMARY KEY (`id`)
) ENGINE=InnoDB DEFAULT CHARSET=utf8 AUTO_INCREMENT=1 ;

-- --------------------------------------------------------

--
-- Table structure for table `fields`
--

CREATE TABLE IF NOT EXISTS `fields` (
  `name` varchar(255) NOT NULL,
  `decription` text,
  `certificated_number_suffix` varchar(45) DEFAULT NULL,
  `created_user_id` int(10) unsigned NOT NULL,
  `manage_user_id` int(10) unsigned NOT NULL,
  `id` int(10) unsigned NOT NULL AUTO_INCREMENT,
  PRIMARY KEY (`id`)
) ENGINE=InnoDB  DEFAULT CHARSET=utf8 AUTO_INCREMENT=2 ;

--
-- Dumping data for table `fields`
--

INSERT INTO `fields` (`name`, `decription`, `certificated_number_suffix`, `created_user_id`, `manage_user_id`, `id`) VALUES
('Phương pháp Giảng dạy', '', '', 0, 3, 1);

-- --------------------------------------------------------

--
-- Table structure for table `groups`
--

CREATE TABLE IF NOT EXISTS `groups` (
  `name` varchar(50) NOT NULL,
  `alias` varchar(50) NOT NULL,
  `image` varchar(255) DEFAULT NULL,
  `image_path` varchar(255) DEFAULT NULL,
  `decription` text,
  `created` datetime DEFAULT NULL,
  `modified` datetime DEFAULT NULL,
  `id` int(10) unsigned NOT NULL AUTO_INCREMENT,
  PRIMARY KEY (`id`)
) ENGINE=InnoDB  DEFAULT CHARSET=utf8 AUTO_INCREMENT=7 ;

--
-- Dumping data for table `groups`
--

INSERT INTO `groups` (`name`, `alias`, `image`, `image_path`, `decription`, `created`, `modified`, `id`) VALUES
('admin', 'admin', '', '', '', '2014-04-25 09:11:21', '2014-04-28 07:00:17', 1),
('Giảng viên - Tập huấn viên', 'teacher', '', '', '', '2014-04-25 09:11:44', '2014-04-28 07:03:10', 2),
('Người quản lý chung', 'manager', '', '', '', '2014-04-28 04:10:48', '2014-04-28 07:03:22', 3),
('Quản lý lĩnh vực', 'fields_manager', '', '', '', '2014-04-28 04:13:33', '2014-04-28 07:03:47', 4),
('Giám đốc / P. Giám đốc', 'boss', '', '', '', '2014-04-28 04:14:32', '2014-04-28 07:04:06', 5),
('Người học', 'student', '', '', '', '2014-04-28 06:22:46', '2014-04-28 07:04:24', 6);

-- --------------------------------------------------------

--
-- Table structure for table `hoc_ham`
--

CREATE TABLE IF NOT EXISTS `hoc_ham` (
  `id` int(10) unsigned NOT NULL AUTO_INCREMENT,
  `name` varchar(100) NOT NULL,
  `created_user_id` int(11) DEFAULT NULL,
  `created` datetime DEFAULT NULL,
  `modified` datetime DEFAULT NULL,
  PRIMARY KEY (`id`)
) ENGINE=MyISAM  DEFAULT CHARSET=utf8 AUTO_INCREMENT=5 ;

--
-- Dumping data for table `hoc_ham`
--

INSERT INTO `hoc_ham` (`id`, `name`, `created_user_id`, `created`, `modified`) VALUES
(3, 'Giáo sư', 1, '2014-05-06 00:46:30', '2014-05-06 00:46:30'),
(4, 'Phó Giáo sư', 1, '2014-05-06 00:46:51', '2014-05-06 00:46:51');

-- --------------------------------------------------------

--
-- Table structure for table `hoc_vi`
--

CREATE TABLE IF NOT EXISTS `hoc_vi` (
  `id` int(10) unsigned NOT NULL AUTO_INCREMENT,
  `name` varchar(100) NOT NULL,
  PRIMARY KEY (`id`)
) ENGINE=MyISAM  DEFAULT CHARSET=utf8 AUTO_INCREMENT=6 ;

--
-- Dumping data for table `hoc_vi`
--

INSERT INTO `hoc_vi` (`id`, `name`) VALUES
(1, 'Đại học'),
(2, 'Cử nhân'),
(3, 'Giáo sư'),
(4, 'Thạc sỹ'),
(5, 'Tiến sỹ');

-- --------------------------------------------------------

--
-- Table structure for table `rooms`
--

CREATE TABLE IF NOT EXISTS `rooms` (
  `name` varchar(100) NOT NULL,
  `decription` text,
  `id` int(11) NOT NULL AUTO_INCREMENT,
  PRIMARY KEY (`id`)
) ENGINE=InnoDB  DEFAULT CHARSET=utf8 AUTO_INCREMENT=6 ;

--
-- Dumping data for table `rooms`
--

INSERT INTO `rooms` (`name`, `decription`, `id`) VALUES
('Phòng B11', 'Dãy A,B cũ.', 1),
('Phòng B12', 'Dãy B cũ', 2),
('Phòng B13', '', 3),
('Phòng B14', '', 4),
('Phòng 14', '', 5);

-- --------------------------------------------------------

--
-- Table structure for table `students_courses`
--

CREATE TABLE IF NOT EXISTS `students_courses` (
  `student_id` int(10) unsigned NOT NULL,
  `course_id` int(10) unsigned NOT NULL,
  `is_passed` tinyint(1) NOT NULL DEFAULT '0',
  `is_recieved` tinyint(1) NOT NULL DEFAULT '0',
  `certificated_date` datetime DEFAULT NULL,
  `certificated_number` int(11) DEFAULT NULL,
  `created` datetime DEFAULT NULL,
  `modified` datetime DEFAULT NULL,
  `id` int(10) unsigned NOT NULL AUTO_INCREMENT,
  PRIMARY KEY (`id`)
) ENGINE=InnoDB DEFAULT CHARSET=utf8 AUTO_INCREMENT=1 ;

-- --------------------------------------------------------

--
-- Table structure for table `users`
--

CREATE TABLE IF NOT EXISTS `users` (
  `name` varchar(50) NOT NULL,
  `hoc_ham_id` int(11) DEFAULT NULL,
  `hoc_vi_id` int(11) DEFAULT NULL,
  `username` varchar(50) NOT NULL,
  `password` char(50) NOT NULL,
  `email` varchar(100) DEFAULT NULL,
  `birthday` date DEFAULT NULL,
  `birthplace` varchar(100) DEFAULT NULL,
  `phone_number` char(15) DEFAULT NULL,
  `address` varchar(255) DEFAULT NULL,
  `avatar` varchar(100) DEFAULT NULL,
  `avatar_path` varchar(255) DEFAULT NULL,
  `activated` tinyint(1) NOT NULL DEFAULT '1',
  `last_login` datetime DEFAULT NULL,
  `created` datetime DEFAULT NULL,
  `modified` datetime DEFAULT NULL,
  `id` int(10) unsigned NOT NULL AUTO_INCREMENT,
  `ip_address` varchar(50) DEFAULT NULL,
  `email_verified` tinyint(4) DEFAULT '0',
  `created_user_id` int(11) DEFAULT NULL,
  PRIMARY KEY (`id`),
  UNIQUE KEY `username_UNIQUE` (`username`)
) ENGINE=InnoDB  DEFAULT CHARSET=utf8 AUTO_INCREMENT=6 ;

--
-- Dumping data for table `users`
--

INSERT INTO `users` (`name`, `hoc_ham_id`, `hoc_vi_id`, `username`, `password`, `email`, `birthday`, `birthplace`, `phone_number`, `address`, `avatar`, `avatar_path`, `activated`, `last_login`, `created`, `modified`, `id`, `ip_address`, `email_verified`, `created_user_id`) VALUES
('Nguyễn Thái Toàn', NULL, NULL, 'nttoan', '7b9572ae8d6176ae51a57b67ecfded264aaede81', 'thaitoan2210@gmail.com', '1994-10-22', 'Trà Vinh', '01234212724', '42/C Quang Trung Khóm 3 Phường 1 TP Trà Vinh', '', '', 1, '2014-04-25 09:14:00', '2014-04-25 09:15:28', '2014-05-12 03:56:06', 1, NULL, 0, 1),
('LÊ THỊ ĐẸP', NULL, NULL, 'deple', '7b9572ae8d6176ae51a57b67ecfded264aaede81', 'deple@tvu.edu.vn', '1994-09-06', 'Trà Vinh', '094613496', '', '', '', 1, '2014-04-28 09:08:00', '2014-04-28 09:12:53', '2014-04-28 09:12:53', 2, NULL, 0, 1),
('Nguyễn Thị Hải Trà', NULL, NULL, 'nthtra', '7b9572ae8d6176ae51a57b67ecfded264aaede81', 'nthtra@gmail.com', '1994-04-29', 'Trà Vinh', '', '', '', '', 1, '2014-04-29 03:44:00', '2014-04-29 03:45:21', '2014-04-29 03:45:21', 3, NULL, 0, 1),
('Châu Vĩnh Chấn', 4, 5, 'cvchan', '2d18a1293fdb174fd922901c75bf2ccc1ed881b1', 'thaitoan2210@yahoo.com', '1975-05-06', 'Vĩnh Long', '0987678567', '', '', '', 1, '2014-05-06 06:36:00', '2014-05-06 03:36:44', '2014-05-08 02:26:40', 4, '127.0.0.1', 1, 1),
('David Redlley', 3, 5, 'redlley', '2390103ed4be665faf84f87505c0040920e9f6d9', 'nttoan@tvu.edu.vn', '1962-05-06', 'England', '', '', NULL, '', 1, NULL, '2014-05-06 06:32:16', '2014-05-06 06:32:16', 5, '127.0.0.1', 1, 1);

-- --------------------------------------------------------

--
-- Table structure for table `users_groups`
--

CREATE TABLE IF NOT EXISTS `users_groups` (
  `user_id` int(10) unsigned NOT NULL,
  `group_id` int(10) unsigned NOT NULL,
  `id` int(10) unsigned NOT NULL AUTO_INCREMENT,
  PRIMARY KEY (`id`)
) ENGINE=InnoDB  DEFAULT CHARSET=utf8 AUTO_INCREMENT=11 ;

--
-- Dumping data for table `users_groups`
--

INSERT INTO `users_groups` (`user_id`, `group_id`, `id`) VALUES
(1, 1, 1),
(1, 2, 2),
(1, 3, 3),
(1, 4, 4),
(1, 5, 5),
(1, 6, 6),
(2, 2, 7),
(3, 4, 8),
(4, 2, 9),
(4, 6, 10);

/*!40101 SET CHARACTER_SET_CLIENT=@OLD_CHARACTER_SET_CLIENT */;
/*!40101 SET CHARACTER_SET_RESULTS=@OLD_CHARACTER_SET_RESULTS */;
/*!40101 SET COLLATION_CONNECTION=@OLD_COLLATION_CONNECTION */;
